submission_row_id,study_id,age,gender,ret_variant,ret_risk_level,calcitonin_elevated,calcitonin_level_numeric,cea_level_numeric,cea_elevated,cea_imputed_flag,thyroid_nodules_present,multiple_nodules,family_history_mtc,mtc_diagnosis,c_cell_disease,men2_syndrome,pheochromocytoma,hyperparathyroidism,age_group
SUBJ-0001,study_1,55.0,0,K666N,1,1,12.2,41.53,1,1,0,0,0,1,1,0,0,0,elderly
SUBJ-0002,study_1,34.0,0,K666N,1,1,1988.0,20.05,1,0,0,0,0,1,1,0,0,0,middle
SUBJ-0003,study_1,32.0,0,K666N,1,1,28000.0,27.2,1,0,0,0,0,1,1,0,0,0,middle
SUBJ-0004,study_1,65.0,0,K666N,1,1,16.0,20.05,1,1,0,0,0,1,1,0,0,0,elderly
SUBJ-0005,study_1,59.0,1,K666N,1,0,0.2,27.2,1,1,0,0,0,1,1,0,0,0,elderly
SUBJ-0006,study_1,61.0,0,K666N,1,1,67.4,20.0,1,1,0,0,0,1,1,0,0,0,elderly
SUBJ-0007,study_1,65.0,0,K666N,1,0,0.2,22.3,1,0,0,0,0,1,1,0,0,0,elderly
SUBJ-0008,study_1,64.0,0,K666N,1,0,0.2,27.2,1,1,0,0,0,1,1,0,0,0,elderly
SUBJ-0009,study_1,57.0,0,K666N,1,1,26.0,27.2,1,1,0,0,1,0,0,0,0,0,elderly
SUBJ-0010,study_1,70.0,0,K666N,1,0,0.2,1.5,0,1,0,0,1,1,1,0,0,0,elderly
SUBJ-0011,study_1,20.0,0,K666N,1,0,0.2,29.7,1,1,0,0,1,0,1,0,0,0,young
SUBJ-0012,study_1,20.0,1,K666N,1,0,0.0,1.5,0,1,0,0,1,0,0,0,0,0,young
SUBJ-0013,study_1,30.0,0,K666N,1,0,0.0,29.7,1,1,0,0,1,0,0,0,0,0,young
SUBJ-0014,study_1,30.0,0,K666N,1,0,0.0,41.53,1,1,0,0,1,0,0,0,0,0,young
SUBJ-0015,study_1,80.0,0,K666N,1,0,7.0,22.3,1,1,0,0,1,0,0,0,0,0,very_elderly
SUBJ-0016,study_1,58.0,1,K666N,1,0,0.0,22.8,1,1,0,0,1,0,0,0,0,0,elderly
SUBJ-0017,study_1,27.0,0,K666N,1,0,0.0,22.8,1,1,0,0,1,0,0,0,0,0,young
SUBJ-0018,study_1,5.0,0,K666N,1,0,0.0,22.8,1,1,0,0,1,0,0,0,0,0,young
SUBJ-0019,study_1,47.0,0,K666N,1,0,0.0,29.7,1,1,0,0,1,0,0,0,0,0,middle
SUBJ-0020,study_1,90.0,0,K666N,1,0,0.0,27.2,1,1,0,0,1,0,0,0,0,0,very_elderly
SUBJ-0021,study_1,39.0,0,K666N,1,0,0.2,91.79,1,1,0,0,1,0,0,0,0,0,middle
SUBJ-0022,study_1,61.0,1,K666N,1,0,0.2,29.7,1,1,0,0,1,0,0,0,0,0,elderly
SUBJ-0023,study_1,29.0,1,K666N,1,0,0.0,27.2,1,1,0,0,1,0,0,0,0,0,young
SUBJ-0024,study_1,35.0,0,K666N,1,0,0.0,186.0,1,1,0,0,1,0,0,0,0,0,middle
SUBJ-0025,study_2,16.0,0,L790F,1,0,0.2,29.7,1,1,0,0,0,1,1,1,0,0,young
SUBJ-0026,study_2,19.0,1,L790F,1,1,23.0,115.0,1,1,0,0,0,0,1,1,0,0,young
SUBJ-0027,study_2,13.0,1,L790F,1,1,11.0,1.5,0,1,0,0,0,0,0,1,0,0,young
SUBJ-0028,study_2,21.0,1,L790F,1,1,5.0,29.7,1,1,0,0,0,0,0,1,0,0,young
SUBJ-0029,study_2,10.0,1,Y791F,1,1,8.0,91.79,1,1,0,0,0,0,1,1,0,0,young
SUBJ-0030,study_2,20.0,0,Y791F,1,0,0.0,27.2,1,1,0,0,0,0,0,1,0,0,young
SUBJ-0031,study_2,24.0,0,V804M,1,0,0.0,27.2,1,1,0,0,0,0,0,1,0,0,young
SUBJ-0032,study_2,31.0,1,V804M,1,0,0.0,41.53,1,1,0,0,0,0,0,1,0,0,middle
SUBJ-0033,study_2,29.0,0,S891A,1,0,0.0,20.0,1,1,0,0,0,0,0,1,0,0,young
SUBJ-0034,study_2,18.0,1,S891A,1,0,0.0,20.05,1,1,0,0,0,0,0,1,0,0,young
SUBJ-0035,study_2,35.0,0,C634R,3,0,0.0,115.0,1,1,0,0,1,1,1,1,0,0,middle
SUBJ-0036,study_2,42.0,1,C634R,3,0,0.0,91.79,1,1,0,0,1,1,1,1,0,0,middle
SUBJ-0037,study_2,34.0,0,C634Y,3,1,18.0,91.79,1,1,0,0,1,1,1,1,0,0,middle
SUBJ-0038,study_2,24.0,0,C634Y,3,0,3.4,27.2,1,1,0,0,1,0,0,1,0,0,young
SUBJ-0039,study_2,47.0,1,C634Y,3,1,26.2,115.0,1,1,0,0,1,1,1,1,0,0,middle
SUBJ-0040,study_2,11.0,0,C634Y,3,0,0.0,27.2,1,1,0,0,1,0,0,1,0,0,young
SUBJ-0041,study_2,38.0,1,C634Y,3,0,0.0,22.3,1,1,0,0,1,0,0,1,0,0,middle
SUBJ-0042,study_2,28.0,1,C634W,3,0,0.0,20.05,1,1,0,0,1,0,0,1,0,0,young
SUBJ-0043,study_2,15.0,0,C634W,3,0,0.0,29.7,1,1,0,0,1,0,0,1,0,0,young
SUBJ-0044,study_2,49.0,1,C634W,3,0,0.0,115.0,1,0,0,0,0,1,1,1,1,0,middle
SUBJ-0045,study_2,27.0,0,C634W,3,0,0.0,91.79,1,1,0,0,1,0,0,1,0,0,young
SUBJ-0046,study_2,41.0,1,C634Y,3,1,80.0,20.0,1,0,0,0,1,1,1,1,0,0,middle
SUBJ-0047,study_2,12.0,0,C634Y,3,0,0.0,20.05,1,1,0,0,1,0,0,1,0,0,young
SUBJ-0048,study_2,15.0,1,C634Y,3,0,0.0,22.8,1,1,0,0,1,0,0,1,0,0,young
SUBJ-0049,study_2,52.0,0,C634Y,3,1,110.0,186.0,1,1,0,0,0,1,1,1,0,0,elderly
SUBJ-0050,study_2,20.0,0,C634Y,3,0,0.0,41.53,1,1,0,0,1,0,0,1,0,0,young
SUBJ-0051,study_2,54.0,1,C634Y,3,1,130.0,22.3,1,1,0,0,0,1,1,1,0,0,elderly
SUBJ-0052,study_2,30.0,0,C634Y,3,0,0.0,27.2,1,1,0,0,1,0,0,1,0,0,young
SUBJ-0053,study_2,40.0,0,C634R,3,1,250.0,20.05,1,1,0,0,0,1,1,1,0,0,middle
SUBJ-0054,study_2,20.0,0,C634R,3,0,0.0,22.8,1,1,0,0,1,0,0,1,0,0,young
SUBJ-0055,study_2,14.0,0,C634R,3,0,0.0,22.8,1,1,0,0,1,0,0,1,0,0,young
SUBJ-0056,study_2,49.0,0,C634Y,3,1,200.0,20.05,1,1,0,0,0,1,1,1,0,0,middle
SUBJ-0057,study_2,17.0,0,C634Y,3,0,0.0,91.79,1,1,0,0,1,0,0,1,0,0,young
SUBJ-0058,study_2,29.0,1,C618S,2,1,30.0,29.7,1,1,0,0,0,1,1,1,0,0,young
SUBJ-0059,study_2,13.0,0,C618S,2,0,0.0,41.53,1,1,0,0,1,0,0,1,0,0,young
SUBJ-0060,study_2,31.0,1,C634R,3,1,43.6,41.53,1,1,0,0,0,1,1,1,0,0,middle
SUBJ-0061,study_2,9.0,1,C634R,3,0,0.0,27.2,1,1,0,0,1,0,0,1,0,0,young
SUBJ-0062,study_2,36.0,0,C630R,2,1,75.0,41.53,1,1,0,0,0,1,1,1,0,0,middle
SUBJ-0063,study_2,12.0,0,C630R,2,0,0.0,41.53,1,1,0,0,1,0,0,1,0,0,young
SUBJ-0064,study_2,10.0,0,C630R,2,0,0.0,41.53,1,1,0,0,1,0,0,1,0,0,young
SUBJ-0065,study_2,25.0,1,C634R,3,1,41.0,22.3,1,1,0,0,0,1,1,1,0,0,young
SUBJ-0066,study_2,34.0,0,C634R,3,0,0.0,27.2,1,1,0,0,1,0,0,1,0,0,middle
SUBJ-0067,study_2,44.0,1,C620Y,2,1,19.3,115.0,1,1,0,0,0,1,1,1,0,0,middle
SUBJ-0068,study_2,14.0,0,C620Y,2,0,0.0,29.7,1,1,0,0,1,0,0,1,0,0,young
SUBJ-0069,study_2,38.0,0,C630R,2,1,12.0,27.2,1,1,0,0,1,1,1,1,0,0,middle
SUBJ-0070,study_2,13.0,0,C630R,2,0,0.0,115.0,1,1,0,0,1,0,0,1,0,0,young
SUBJ-0071,study_3,65.0,0,S891A,1,0,0.0,29.7,1,0,0,0,0,0,0,0,0,0,elderly
SUBJ-0072,study_3,58.0,1,S891A,1,1,589.6,41.53,1,0,0,0,0,0,0,0,0,0,elderly
SUBJ-0073,study_3,45.0,0,S891A,1,0,0.0,22.8,1,0,0,0,0,0,0,0,0,0,middle
SUBJ-0074,study_3,44.0,0,S891A,1,0,0.0,115.0,1,1,0,0,0,0,0,0,0,0,middle
SUBJ-0075,study_3,64.0,0,R525W,1,0,0.2,22.3,1,1,0,0,0,0,0,0,0,0,elderly
SUBJ-0076,study_3,22.0,0,R525W,1,0,0.2,41.53,1,1,0,0,0,0,0,0,0,0,young
SUBJ-0077,study_3,20.0,0,R525W,1,0,0.0,41.53,1,1,0,0,0,0,0,0,0,0,young
SUBJ-0078,study_3,10.0,0,S891A,1,0,0.0,41.53,1,1,0,0,0,0,0,0,0,0,young
SUBJ-0079,study_3,8.0,0,S891A,1,0,0.0,22.3,1,1,0,0,0,0,0,0,0,0,young
SUBJ-0080,study_3,6.0,0,S891A,1,0,0.0,115.0,1,1,0,0,0,0,0,0,0,0,young
SUBJ-0081,study_3,6.0,0,S891A,1,0,0.0,27.2,1,1,0,0,0,0,0,0,0,0,young
SUBJ-0082,study_3,3.0,0,R525W,1,0,0.0,41.53,1,1,0,0,0,0,0,0,0,0,young
SUBJ-0083,study_3,3.0,0,R525W,1,0,0.0,20.05,1,1,0,0,0,0,0,0,0,0,young
SUBJ-0084,study_3,1.0,0,R525W,1,0,0.0,22.3,1,1,0,0,0,0,0,0,0,0,young
SUBJ-0085,study_3,1.0,0,R525W,1,0,0.0,91.79,1,1,0,0,0,0,0,0,0,0,young
SUBJ-0086,study_4,6.0,0,C634G,3,0,0.0,27.2,1,1,0,0,1,1,1,1,0,0,young
SUBJ-0087,study_4,43.0,0,C634G,3,1,304.0,41.53,1,1,0,0,1,1,1,1,1,1,middle
SUBJ-0088,study_4,43.0,0,C634G,3,0,0.0,20.05,1,1,0,0,1,1,1,1,1,0,middle
SUBJ-0089,study_4,44.0,0,C634G,3,0,0.0,22.3,1,1,0,0,1,1,1,1,1,0,middle
SUBJ-0090,study_4,31.5,0,C634G,3,0,0.0,27.2,1,1,0,0,1,0,0,1,0,0,middle
SUBJ-0091,study_4,31.5,0,C634G,3,0,0.0,1.5,0,1,0,0,1,1,1,1,0,0,middle
SUBJ-0092,study_5,40.0,0,K666N,1,1,12.3,1.35,0,0,1,0,0,1,1,1,1,1,middle
SUBJ-0093,study_5,42.0,0,K666N,1,1,5.2,1.5,0,0,1,0,1,0,0,1,0,0,middle
SUBJ-0094,study_5,46.0,1,K666N,1,1,22.3,27.2,1,1,1,0,1,1,1,1,0,0,middle
SUBJ-0095,study_5,22.0,0,K666N,1,0,0.0,22.8,1,1,0,0,1,0,0,1,0,0,young
SUBJ-0096,study_6,44.0,0,S891A,1,1,447.0,91.79,1,0,0,0,1,1,1,1,0,0,middle
SUBJ-0097,study_6,31.5,0,S891A,1,0,2.0,91.79,1,1,0,0,1,1,1,1,0,0,middle
SUBJ-0098,study_6,31.5,0,S891A,1,0,2.0,41.53,1,1,0,0,1,1,1,1,0,0,middle
SUBJ-0099,study_6,31.5,0,S891A,1,0,2.0,91.79,1,1,0,0,1,1,1,1,0,0,middle
SUBJ-0100,study_6,31.5,0,S891A,1,0,2.0,27.2,1,1,0,0,1,1,1,1,0,0,middle
SUBJ-0101,study_6,20.0,0,S891A,1,0,0.0,22.3,1,1,0,0,1,0,0,1,0,0,young
SUBJ-0102,study_6,31.5,0,S891A,1,0,0.0,27.2,1,1,0,0,1,0,0,1,0,0,middle
SUBJ-0103,study_7,60.0,1,C634Y,3,1,972.2,29.7,1,1,1,0,1,1,1,1,1,0,elderly
SUBJ-0104,study_7,30.0,0,C634Y,3,1,29.49,22.8,1,1,1,0,1,1,1,1,1,0,young
SUBJ-0105,study_7,9.0,1,C634Y,3,1,18.93,115.0,1,1,0,0,1,1,1,1,0,0,young
SUBJ-0106,study_8,0.17,1,M918T,3,0,81.0,22.3,1,1,0,0,1,1,1,1,0,0,young
SUBJ-0107,study_8,13.0,0,M918T,3,0,2000.0,115.0,1,1,0,0,1,1,1,1,1,0,young
SUBJ-0108,study_9,17.0,0,S891A,1,1,5.3,115.0,1,1,0,0,1,1,1,1,0,1,young
SUBJ-0109,study_9,46.0,0,S891A,1,1,189.3,27.2,1,1,0,0,1,1,1,1,1,1,middle
SUBJ-0110,study_9,52.0,1,S891A,1,1,1.7,41.53,1,1,0,0,1,0,1,1,0,0,elderly
SUBJ-0111,study_9,20.0,1,S891A,1,0,0.0,20.0,1,1,0,0,1,0,1,1,0,1,young
SUBJ-0112,study_9,55.0,1,S891A,1,1,1.5,22.3,1,1,0,0,1,1,1,1,0,0,elderly
SUBJ-0113,study_9,80.0,0,S891A,1,1,110.9,91.79,1,1,0,0,1,1,1,1,0,0,very_elderly
SUBJ-0114,study_9,17.0,1,S891A,1,0,0.0,27.2,1,1,0,0,1,0,1,1,0,0,young
SUBJ-0115,study_9,20.0,1,S891A,1,0,0.0,20.0,1,1,0,0,1,0,1,1,0,0,young
SUBJ-0116,study_9,24.0,0,S891A,1,1,3.0,22.8,1,1,0,0,1,1,1,1,0,0,young
SUBJ-0117,study_9,69.0,0,S891A,1,0,0.0,20.05,1,1,0,0,1,1,1,1,0,0,elderly
SUBJ-0118,study_9,85.0,0,S891A,1,1,6.1,22.8,1,1,0,0,1,1,1,1,0,0,very_elderly
SUBJ-0119,study_9,60.0,0,S891A,1,1,10.0,29.7,1,1,0,0,1,1,1,1,0,0,elderly
SUBJ-0120,study_9,65.0,1,S891A,1,1,7.7,29.7,1,1,0,0,1,1,1,1,0,0,elderly
SUBJ-0121,study_9,53.0,0,S891A,1,1,3.6,22.8,1,1,0,0,1,1,1,1,0,0,elderly
SUBJ-0122,study_9,61.0,0,S891A,1,1,41.0,29.7,1,1,0,0,1,1,1,1,0,0,elderly
SUBJ-0123,study_9,56.0,0,S891A,1,1,12.7,20.05,1,1,0,0,1,1,1,1,0,0,elderly
SUBJ-0124,study_9,60.0,1,S891A,1,1,8.8,27.2,1,1,0,0,1,1,1,1,0,0,elderly
SUBJ-0125,study_9,51.0,0,S891A,1,1,7.5,115.0,1,1,0,0,1,1,1,1,0,0,elderly
SUBJ-0126,study_9,42.0,0,S891A,1,0,0.0,91.79,1,1,0,0,1,1,1,1,0,0,middle
SUBJ-0127,study_9,41.0,1,S891A,1,0,0.0,41.53,1,1,0,0,1,1,1,1,0,0,middle
SUBJ-0128,study_9,34.0,1,S891A,1,0,0.0,1.5,0,1,0,0,1,1,1,1,0,0,middle
SUBJ-0129,study_9,27.0,1,S891A,1,0,0.0,115.0,1,1,0,0,1,1,1,1,0,0,young
SUBJ-0130,study_9,40.0,1,S891A,1,0,0.0,115.0,1,1,0,0,1,1,1,1,0,0,middle
SUBJ-0131,study_9,30.0,1,S891A,1,0,0.0,91.79,1,1,0,0,1,1,1,1,0,0,young
SUBJ-0132,study_9,55.0,0,S891A,1,0,0.0,27.2,1,1,0,0,1,1,1,1,0,0,elderly
SUBJ-0133,study_9,29.0,1,S891A,1,0,0.0,22.8,1,1,0,0,1,0,0,1,0,0,young
SUBJ-0134,study_9,19.0,1,S891A,1,0,0.0,22.8,1,1,0,0,1,0,0,1,0,0,young
SUBJ-0135,study_9,24.0,0,S891A,1,0,0.0,20.0,1,1,0,0,1,0,0,1,0,0,young
SUBJ-0136,study_9,4.0,0,S891A,1,0,1.0,20.05,1,1,0,0,1,0,1,1,0,0,young
SUBJ-0137,study_9,6.0,1,S891A,1,0,0.0,22.8,1,1,0,0,1,0,1,1,0,0,young
SUBJ-0138,study_9,8.0,1,S891A,1,1,4.6,41.53,1,1,0,0,1,0,1,1,0,0,young
SUBJ-0139,study_9,17.0,1,S891A,1,1,2.3,29.7,1,1,0,0,1,1,1,1,0,0,young
SUBJ-0140,study_9,10.0,0,S891A,1,1,1.3,27.2,1,1,0,0,1,0,1,1,0,0,young
SUBJ-0141,study_9,46.0,1,S891A,1,1,1.4,20.05,1,1,0,0,1,1,1,1,0,0,middle
SUBJ-0142,study_9,78.0,0,S891A,1,1,72.6,91.79,1,1,0,0,1,1,1,1,0,0,very_elderly
SUBJ-0143,study_9,59.0,0,S891A,1,1,11.6,186.0,1,1,0,0,1,1,1,1,0,0,elderly
SUBJ-0144,study_10,62.0,1,S891A,1,1,478.0,91.79,1,1,1,0,1,1,1,1,0,0,elderly
SUBJ-0145,study_10,40.0,0,S891A,1,1,688.3,91.79,1,1,1,0,1,1,1,1,0,0,middle
SUBJ-0146,study_10,47.0,1,S891A,1,1,8763.94,186.0,1,0,1,0,1,1,1,1,0,0,middle
SUBJ-0147,study_10,44.0,0,S891A,1,1,5.97,27.2,1,1,1,0,1,0,0,1,0,0,middle
SUBJ-0148,study_10,33.0,0,S891A,1,1,33.3,186.0,1,1,1,0,1,1,1,1,0,0,middle
SUBJ-0149,study_10,25.0,1,S891A,1,1,12.6,1.35,0,1,0,0,1,1,1,1,0,0,young
